id,artiste,organisme,adresse,annee,arrondissement,programme_entente,latitude,longitude,image
1,"Yannick Picard ","MU","4105, 47e rue (coin Pie IX)","2007","Villeray–Saint-Michel–Parc-Extension","Programme graffitis et murales",45.58041,-73.622218,"https://depot.ville.montreal.qc.ca/murales/MU-CentreSaintReneGoupil.jpg"
2,"Artducommun","Corporation de développement urbain Faubourg Saint-Laurent","coin des rues Saint-Laurent et Viger","2007","Ville-Marie","Programme graffitis et murales",45.506855,-73.558029,"https://depot.ville.montreal.qc.ca/murales/CDU-MissionOldBrewery–40eExpo67.jpg"
3,"Carlito Dalceggio ","MU","3 601, rue De Bullion (coin Prince-Arthur)","2008","Le Plateau-Mont-Royal","Programme graffitis et murales",45.515387,-73.571347,"https://depot.ville.montreal.qc.ca/murales/MU-PrinceArthur-DeBullion.jpg"
4,"Dominique Desbiens ","MU","7255, Lajeunesse (coin Jean-Talon)","2008","Villeray–Saint-Michel–Parc-Extension","Programme graffitis et murales",45.539966,-73.614816,"https://depot.ville.montreal.qc.ca/murales/MU-Murale-7255Lajeunesse-Villeray_S.jpg"
5,"Yannick Picard ","MU","8090, rue des Érables","2008","Villeray–Saint-Michel–Parc-Extension","Programme graffitis et murales",45.555841,-73.616364,"https://depot.ville.montreal.qc.ca/murales/MU-Bouillonsculture-YannickPicard.jpg"
6,"Artducommun","Corporation de développement urbain Faubourg Saint-Laurent","coin des rues Sainte-Catherine et Saint-Dominique","2008","Ville-Marie","Programme graffitis et murales",45.510131,-73.563033,"https://depot.ville.montreal.qc.ca/murales/CDU-ClubSoda.jpg"
7,"Artducommun","SDC du Village","coin des rues Sainte-Catherine et Champlain","2008","Ville-Marie","Programme graffitis et murales",45.52159,-73.552993,"https://depot.ville.montreal.qc.ca/murales/SDCVillage-HotelBourbon.jpg"
8,"Phillip Adams et David Guinn","MU","235-255, rue de Maisonneuve Est","2009","Ville-Marie","Programme graffitis et murales",45.512805,-73.563467,"https://depot.ville.montreal.qc.ca/murales/r_MU_HJM_2009_Winter_Haze_Final_03_XS2.jpg"
9,"Phillip Adams et David Guinn","MU","123-143, rue de Maisonneuve Est","2009","Ville-Marie","Programme graffitis et murales",45.511845,-73.564395,"https://depot.ville.montreal.qc.ca/murales/CHJM_MURAL1.jpg"
10,"Laurent Gascon","Société pour Promouvoir les Arts Gigantesques (SPAG)","coin des rues Ontario et Florian","2009","Ville-Marie","Programme graffitis et murales",45.537347,-73.55023,"https://depot.ville.montreal.qc.ca/murales/SPAG_Vittorio.jpg"
11,"Laurent Gascon","Société pour Promouvoir les Arts Gigantesques (SPAG)","coin des rues Ontario Est et Beaudry","2010","Ville-Marie","Programme graffitis et murales",45.521528,-73.562318,"https://depot.ville.montreal.qc.ca/murales/SPAG-PaulBuissonneau.jpg"
12,"Artducommun","Maison des Jeunes l'Escalier de Lachine","740, rue Esther Blondin, Lachine","2010","Lachine","Programme graffitis et murales",45.443011,-73.682013,"https://depot.ville.montreal.qc.ca/murales/MJE-EcoleDalbeViau.jpg"
13,"Phillip Adams et David Guinn","MU","144-154, boulevard de Maisonneuve Est","2010","Ville-Marie","Programme graffitis et murales",45.5116,-73.563716,"https://depot.ville.montreal.qc.ca/murales/MU-HabitationsJM-2010.jpg"
14,"Annie Hamel ","MU","440, avenue Ball","2010","Villeray–Saint-Michel–Parc-Extension","Programme graffitis et murales",45.531916,-73.631461,"https://depot.ville.montreal.qc.ca/murales/MU_Parc-Extension-2010.jpg"
15,"Laurence Petit et Christian Robert de Massy","MU","200, rue Ontario Est","2010","Ville-Marie","Programme graffitis et murales",45.513105,-73.564676,"https://depot.ville.montreal.qc.ca/murales/r_MU_HJM_2010_SPIRALES_Final_02_XL.jpg"
16,"Laurent Gascon","Société pour Promouvoir les Arts Gigantesques (SPAG)","1970, rue Ontario Est, entre les rues Dorion et Bordeaux","2011","Ville-Marie","Programme graffitis et murales",45.527265,-73.558309,"https://depot.ville.montreal.qc.ca/murales/SPAG-Raymond-Levesque.jpg"
17,"Fluke, Guillaume Lapointe, Antonin Lambert, Dodo et Bruno Rathbone","Prévention Côte-des-Neiges-Notre-Dame-de-Grâce","6310, rue Sherbrooke Ouest, coin Madison","2011","Côte-des-Neiges–Notre-Dame-de-Grâce","Programme graffitis et murales",45.465684,-73.624904,"https://depot.ville.montreal.qc.ca/murales/PrevCDN-NDG-OurLadyofGrace.jpg"
18,"Rafael Sottolichio","MU","450, rue Cherrier (coin Berri)","2011","Le Plateau-Mont-Royal","Programme graffitis et murales",45.518726,-73.569259,"https://depot.ville.montreal.qc.ca/murales/MU_BerriCherrier_Sottolichio.jpg"
19,"Artducommun","RUI St-Pierre","183, rue des Érables","2011","Lachine","Programme graffitis et murales",45.44569,-73.651474,"https://depot.ville.montreal.qc.ca/murales/Murale-Lachine2011.jpg"
20,"Phillip Adams et David Guinn","MU","270-280, boulevard de Maisonneuve Est","2011","Ville-Marie","Programme graffitis et murales",45.512799,-73.562908,"https://depot.ville.montreal.qc.ca/murales/MU-HabitationsJM-2011.jpg"
21,"Richard Morin, Annie Hamel, Florence April-Borgeat, Olivier Roy et Nico","MU","360, rue Laurier Est","2011","Le Plateau-Mont-Royal","Programme graffitis et murales",45.52644,-73.589761,"https://depot.ville.montreal.qc.ca/murales/MU-ENT-2011.jpg"
22,"Gene Pendon et Laurence Petit","MU","1847, terrasse Elgin","2011","Le Sud-Ouest","Programme graffitis et murales",45.489436,-73.572194,"https://depot.ville.montreal.qc.ca/murales/MU-OscarPeterson.jpg"
23,"Phillip Adams","MU","coin des rues Sanguinet et Émery","2012","Ville-Marie","Programme graffitis et murales",45.513933,-73.564416,"https://depot.ville.montreal.qc.ca/murales/MU-HabitationsJM.jpg"
24,"Arnaud Grégoire","MU","12 631, 6350-6358, 6320-6326, avenue Chartrand","2012","Montréal-Nord","Programme graffitis et murales",45.623277,-73.625152,"https://depot.ville.montreal.qc.ca/murales/MU-PlaceNormandie1.jpg"
25,"Arnaud Grégoire","MU","12 631, 6350-6358, 6320-6326, avenue Chartrand","2012","Montréal-Nord","Programme graffitis et murales",45.623436,-73.624837,"https://depot.ville.montreal.qc.ca/murales/MU-PlaceNormandie2.jpg"
26,"Arnaud Grégoire","MU","12 631, 6350-6358, 6320-6326, avenue Chartrand","2012","Montréal-Nord","Programme graffitis et murales",45.622605,-73.624465,"https://depot.ville.montreal.qc.ca/murales/MU-PlaceNormandie3.jpg"
27,"Jeunes résidents de Place Normandie","MU","12 631, 6350-6358, 6320-6326, avenue Chartrand","2012","Montréal-Nord","Programme graffitis et murales",45.623151,-73.624774,"https://depot.ville.montreal.qc.ca/murales/MU-PlaceNormandie4.jpg"
28,"Gene Pendon","MU","4201, boulevard Robert ","2012","Villeray–Saint-Michel–Parc-Extension","Programme graffitis et murales",45.576336,-73.609746,"https://depot.ville.montreal.qc.ca/murales/MU-CentenaireSt-Michel.jpg"
29,"Arpi (René-Pierre Beaudry)","MU","2615, rue Notre-Dame Ouest","2012","Le Sud-Ouest","Programme graffitis et murales",45.48249,-73.576218,"https://depot.ville.montreal.qc.ca/murales/MU-Vamonos.jpg"
30,"A'Shop","Prévention Côte-des-Neiges-Notre-Dame-de-Grâce","coin des rues Décarie et Sherbrooke","2012","Côte-des-Neiges–Notre-Dame-de-Grâce","Programme graffitis et murales",45.474627,-73.608797,"https://depot.ville.montreal.qc.ca/murales/PrevCDN-NDG_Ashop2012.jpg"
31,"Laurent Gascon ","Société pour Promouvoir les Arts Gigantesques (SPAG)","2222, rue Ontario Est entre les rues Fullum et Parthenais","2012","Ville-Marie","Programme graffitis et murales",45.529799,-73.555519,"https://depot.ville.montreal.qc.ca/murales/SPAG-Murale-Marjo.jpg"
32,"Nayan","SODER","5776, 2e Avenue (ruelle) ","2012","Rosemont–La Petite-Patrie","Programme graffitis et murales",45.547534,-73.582381,"https://depot.ville.montreal.qc.ca/murales/SODER-Nayan2012.jpg"
33,"Laurent Gascon ","Société pour Promouvoir les Arts Gigantesques (SPAG)","2371, rue Ontario Est","2013","Ville-Marie","Programme graffitis et murales",45.531291,-73.554416,"https://depot.ville.montreal.qc.ca/murales/SPAG-2371OntarioEst.jpg"
34,"Artducommun","Maison des Jeunes l'Escalier de Lachine","357, rue Saint-Jacques","2013","Lachine","Programme graffitis et murales",45.44333,-73.648853,"https://depot.ville.montreal.qc.ca/murales/MJE-357StJacques1.jpg"
35,"Artducommun","Maison des Jeunes l'Escalier de Lachine","357, rue Saint-Jacques","2013","Lachine","Programme graffitis et murales",45.443261,-73.648972,"https://depot.ville.montreal.qc.ca/murales/MJE-357StJacques2.jpg"
36,"Artducommun","Maison des Jeunes l'Escalier de Lachine","150, rue Notre-Dame","2013","Lachine","Programme graffitis et murales",45.443252,-73.644883,"https://depot.ville.montreal.qc.ca/murales/MJE-150NotreDame.jpg"
37,"Collectif Au pied du mur ","Carrefour d'éducation populaire de Pointe-Saint-Charles","coin des rues Knox et Hibernia","2013","Le Sud-Ouest","Programme graffitis et murales",45.478752,-73.562949,"https://depot.ville.montreal.qc.ca/murales/CEP-Knox-Hiberna.jpg"
38,"Phillip Adams","MU","152, rue Ontario Est","2013","Ville-Marie","Programme graffitis et murales",45.513182,-73.565709,"https://depot.ville.montreal.qc.ca/murales/MU-152OntarioE.jpg"
39,"Carlito Dalceggio ","MU","7800, rue Jacques Rousseau","2013","Rivière-des-Prairies–Pointe-aux-Trembles","Programme graffitis et murales",45.637428,-73.601674,"https://depot.ville.montreal.qc.ca/murales/MU-7800JacquesRousseau.jpg"
40,"OTHER - Cette murale n'est plus visible","MU","5413, rue Wellington","2013","Verdun","Programme graffitis et murales",45.452909,-73.567891,"https://depot.ville.montreal.qc.ca/murales/MU-5413Wellington.jpg"
41,"Labrona et Christopher Ross
","MU","métro Jarry","2013","Villeray–Saint-Michel–Parc-Extension","Programme graffitis et murales",45.543349,-73.628419,"https://depot.ville.montreal.qc.ca/murales/MU_Villeray_2013_Labrona_Final_creditsMU-960x720.jpg"
42,"A'Shop","Y’a QuelQu’un l’aut’bord du mur (YQQ)","coin des rues Souligny et Cadillac","2013","Mercier–Hochelaga-Maisonneuve","Programme graffitis et murales",45.572157,-73.532535,"https://depot.ville.montreal.qc.ca/murales/YQQ-Souligny-Cadillac.jpg"
43,"A'Shop","Y’a QuelQu’un l’aut’bord du mur (YQQ)","1697, rue de Ville-Marie (ruelle Vimont)","2013","Mercier–Hochelaga-Maisonneuve","Programme graffitis et murales",45.559247,-73.532436,"https://depot.ville.montreal.qc.ca/murales/YQQ-RuelleVimont.jpg"
44,"A'Shop (Zek One et Dodo Ose) - Cette murale n'est plus visible","Y’a QuelQu’un l’aut’bord du mur (YQQ)","coin de la rue Ontario et de la ruelle Ville-Marie","2013","Mercier–Hochelaga-Maisonneuve","Programme graffitis et murales",45.559581,-73.535247,"https://depot.ville.montreal.qc.ca/murales/YQQ-RuelleOntario.jpg"
45,"Pascal Fournier","SODER","7077, rue Christophe-Colomb (ruelle)","2013","Rosemont–La Petite-Patrie","Programme graffitis et murales",45.542254,-73.610239,"https://depot.ville.montreal.qc.ca/murales/SODER-Colomb-deLaRoche-JTalon-Belanger.jpg"
46,"Philippe Mastrocola","SODER","5324, 4e avenue (ruelle)","2013","Rosemont–La Petite-Patrie","Programme graffitis et murales",45.546691,-73.575087,"https://depot.ville.montreal.qc.ca/murales/SODER-3-4-Masson-Laurier.jpg"
47,"Nayan","SODER","5012, 7e avenue (ruelle)","2013","Rosemont–La Petite-Patrie","Programme graffitis et murales",45.547368,-73.570805,"https://depot.ville.montreal.qc.ca/murales/SODER-6-7-Laurier-StJoseph.jpg"
48,"Philippe Mastrocola","SODER","211 et 215 Beaubien Est (ruelle)","2013","Rosemont–La Petite-Patrie","Programme graffitis et murales",45.532204,-73.607209,"https://depot.ville.montreal.qc.ca/murales/SODER-DeGaspe-Alma-StZotique-Beaubien.jpg"
49,"Isabelle Leclerc","SODER","2148, rue Beaubien (ruelle)","2013","Rosemont–La Petite-Patrie","Programme graffitis et murales",45.545833,-73.594148,"https://depot.ville.montreal.qc.ca/murales/SODER-DeLorimier-DesErables-Beaubien-Bellechasse.jpg"
50,"Mateo (Mathieu Bories)","SODER","280, rue Saint-Zotique Ouest (ruelle)","2013","Rosemont–La Petite-Patrie","Programme graffitis et murales",45.528743,-73.615862,"https://depot.ville.montreal.qc.ca/murales/SODER-Parc-JMance-StZotique-Beaubien.jpg"
51,"Adeline Benhammouda","SODER","3880, rue Rachel Est (ruelle)","2013","Rosemont–La Petite-Patrie","Programme graffitis et murales",45.552472,-73.556131,"https://depot.ville.montreal.qc.ca/murales/SODER-Bourbonniere-DOrleans-Rachel-Sherbrooke.jpg"
52,"Monk.E","SODER","148, rue Jean Talon Ouest (ruelle)","2013","Rosemont–La Petite-Patrie","Programme graffitis et murales",45.532897,-73.619348,"https://depot.ville.montreal.qc.ca/murales/SODER-Waverly-AtUrbain-JTalon-Mozart.jpg"
53,"Adèle Zanni","SODER","1250, rue de Bellechasse (ruelle)","2013","Rosemont–La Petite-Patrie","Programme graffitis et murales",45.537688,-73.596519,"https://depot.ville.montreal.qc.ca/murales/SODER-DeNormanville-Chambord-Bellechasse-Rosemont.jpg"
54,"Fanny Aishaa","SODER","5570, 7e avenue (ruelle)","2013","Rosemont–La Petite-Patrie","Programme graffitis et murales",45.549318,-73.577235,"https://depot.ville.montreal.qc.ca/murales/SODER-6-7-Dandurand-Masson.jpg"
55,"Mateo (Mathieu Bories)","SODER","2650, rue Masson (ruelle)","2013","Rosemont–La Petite-Patrie","Programme graffitis et murales",45.545917,-73.575735,"https://depot.ville.montreal.qc.ca/murales/SODER-2-3-Masson-Laurier.jpg"
56,"Omen","SODER","5725, 2e avenue (ruelle)","2013","Rosemont–La Petite-Patrie","Programme graffitis et murales",45.547559,-73.580973,"https://depot.ville.montreal.qc.ca/murales/SODER-Rosemont-Holt-2-3.jpg"
57,"A'Shop","SODER","6232, rue De Normanville (ruelle)","2013","Rosemont–La Petite-Patrie","Programme graffitis et murales",45.537862,-73.59796,"https://depot.ville.montreal.qc.ca/murales/SODER-Beaubien-Bellechasse.jpg"
58,"A'Shop","SODER","5750, 9e avenue (ruelle)","2013","Rosemont–La Petite-Patrie","Programme graffitis et murales",45.551396,-73.57983,"https://depot.ville.montreal.qc.ca/murales/SODER-Rosemont-Holt-8-9.jpg"
59,"Scribe CSX","SODER","3042, rue Dandurand","2014","Rosemont–La Petite-Patrie","Programme graffitis et murales",45.549988,-73.577004,"https://depot.ville.montreal.qc.ca/murales/_0148784p.jpg"
60,"A'Shop","SODER","2842, rue Holt (ruelle)","2014","Rosemont–La Petite-Patrie","Programme graffitis et murales",45.548974,-73.58048,"https://depot.ville.montreal.qc.ca/murales/_0147199p.jpg"
61,"Nayan","SODER","5881, 4e avenue (ruelle)","2014","Rosemont–La Petite-Patrie","Programme graffitis et murales",45.549358,-73.583043,"https://depot.ville.montreal.qc.ca/murales/_0147202p.jpg"
62,"Mateo (Mathieu Bories)","SODER","5929, 5e avenue (ruelle)","2014","Rosemont–La Petite-Patrie","Programme graffitis et murales",45.549358,-73.583043,"https://depot.ville.montreal.qc.ca/murales/_0147205p.jpg"
63,"Monk.E","SODER","6785, 2e avenue (ruelle)","2014","Rosemont–La Petite-Patrie","Programme graffitis et murales",45.553622,-73.594561,"https://depot.ville.montreal.qc.ca/murales/_0147209p.jpg"
64,"A'Shop","Y’a QuelQu’un l’aut’bord du mur (YQQ)","5000, rue Ontario Est","2014","Mercier–Hochelaga-Maisonneuve","Programme graffitis et murales",45.55975,-73.534759,"https://depot.ville.montreal.qc.ca/murales/_0148772p.jpg"
65,"Laurent Gascon","Société pour Promouvoir les Arts Gigantesques (SPAG)","coin des rues Ontario Est et Hogan","2014","Ville-Marie","Programme graffitis et murales",45.535311,-73.551266,"https://depot.ville.montreal.qc.ca/murales/_0148774p.jpg"
66,"Yves Paradis","SODER","5545, rue Lafond (ruelle)","2014","Rosemont–La Petite-Patrie","Programme graffitis et murales",45.553616,-73.574693,"https://depot.ville.montreal.qc.ca/murales/_0148778p.jpg"
67,"A'Shop","Prévention Côte-des-Neiges-Notre-Dame-de-Grâce","3518, rue Lacombe","2014","Côte-des-Neiges–Notre-Dame-de-Grâce","Programme graffitis et murales",45.49735,-73.622495,"https://depot.ville.montreal.qc.ca/murales/_0148799p.jpg"
68,"A'Shop","Prévention du crime Ahuntsic-Cartierville","chalet du parc Louisbourg","2014","Ahuntsic-Cartierville","Programme graffitis et murales",45.528117,-73.708178,"https://depot.ville.montreal.qc.ca/murales/_0148800p.jpg"
69,"Thomas Csano","MU","coin des rues Iberville et Jarry, sous le boulevard Métropolitain ","2014","Villeray–Saint-Michel–Parc-Extension","Programme graffitis et murales",45.557629,-73.614719,"https://depot.ville.montreal.qc.ca/murales/_0148805p.jpg"
70,"Labrona","MU","métro Jarry","2014","Villeray–Saint-Michel–Parc-Extension","Programme graffitis et murales",45.543303,-73.628454,"https://depot.ville.montreal.qc.ca/murales/_0148824p.jpg"
71,"A'Shop","SODER","7025, rue Fabre","2014","Rosemont–La Petite-Patrie","Programme graffitis et murales",45.545961,-73.605634,"https://depot.ville.montreal.qc.ca/murales/_0148829p.jpg"
72,"Mateo (Mathieu Bories)","SODER","1450, rue Jean Talon","2014","Rosemont–La Petite-Patrie","Programme graffitis et murales",45.546118,-73.608213,"https://depot.ville.montreal.qc.ca/murales/_0148838p.jpg"
73,"Maxime Fortin","SODER","1960, rue Beaubien (ruelle)","2014","Rosemont–La Petite-Patrie","Programme graffitis et murales",45.544523,-73.59512,"https://depot.ville.montreal.qc.ca/murales/_0148844p.jpg"
74,"A'Shop","SODER","532, rue Saint-Zotique","2014","Rosemont–La Petite-Patrie","Programme graffitis et murales",45.536599,-73.607274,"https://depot.ville.montreal.qc.ca/murales/_0149036p.jpg"
75,"Rafael Sottolichio","MU","4625, rue Saint-Dominique","2014","Le Plateau-Mont-Royal","Programme graffitis et murales",45.521529,-73.587676,"https://depot.ville.montreal.qc.ca/murales/_0148861p.jpg"
76,"Zilon","MURAL","coin des rues Marie-Anne et Saint-Dominique","2014","Le Plateau-Mont-Royal","Programme graffitis et murales",45.519661,-73.583606,"https://depot.ville.montreal.qc.ca/murales/_0148864p.jpg"
77,"Dan Buller et Five Eight","MU","coin des rues Georges-Vanier et Lionel-Groulx","2014","Le Sud-Ouest","Programme graffitis et murales",45.486637,-73.573442,"https://depot.ville.montreal.qc.ca/murales/_0148990p.jpg"
78,"Artducommun","Maison des Jeunes l'Escalier de Lachine","735, rue Notre-Dame","2014","Lachine","Programme graffitis et murales",45.434804,-73.670306,"https://depot.ville.montreal.qc.ca/murales/_0148994p.jpg"
79,"Artducommun","Maison des Jeunes l'Escalier de Lachine","800, rue Notre-Dame","2014","Lachine","Programme graffitis et murales",45.435045,-73.670849,"https://depot.ville.montreal.qc.ca/murales/_0148999p.jpg"
80,"Artducommun","Maison des Jeunes l'Escalier de Lachine","1080, rue Notre-Dame","2014","Lachine","Programme graffitis et murales",45.435057,-73.673237,"https://depot.ville.montreal.qc.ca/murales/_0149002p.jpg"
81,"Artducommun","Maison des Jeunes l'Escalier de Lachine","1349, rue Notre-Dame","2014","Lachine","Programme graffitis et murales",45.434825,-73.67598,"https://depot.ville.montreal.qc.ca/murales/_0149018p.jpg"
82,"Artducommun","Artducommun","5098, rue Saint-Hubert","2014","Le Plateau-Mont-Royal","Projet pilote d'art mural 

Financé dans le cadre de l’Entente sur le développement culturel de Montréal conclue entre la Ville de Montréal et le gouvernement du Québec.",45.528972,-73.588541,"https://depot.ville.montreal.qc.ca/murales/2015_SB.jpg"
83,"A'Shop","Y’a QuelQu’un l’aut’bord du mur (YQQ)","8105, rue Hochelaga","2014","Mercier–Hochelaga-Maisonneuve","Projet pilote d'art mural 

Financé dans le cadre de l’Entente sur le développement culturel de Montréal conclue entre la Ville de Montréal et le gouvernement du Québec.",45.595266,-73.523925,"https://depot.ville.montreal.qc.ca/murales/2014_ASHOP.jpg"
84,"Omen","MU","1535, rue Beaudet","2014","Saint-Laurent","Projet pilote d'art mural 

Financé dans le cadre de l’Entente sur le développement culturel de Montréal conclue entre la Ville de Montréal et le gouvernement du Québec.",45.510387,-73.677283,"https://depot.ville.montreal.qc.ca/murales/2014_OMEN.jpg"
85,"Annie Hamel","MU","1301, boulevard De Maisonneuve E.","2014","Ville-Marie","Projet pilote d'art mural 

Financé dans le cadre de l’Entente sur le développement culturel de Montréal conclue entre la Ville de Montréal et le gouvernement du Québec.",45.520031,-73.556923,"https://depot.ville.montreal.qc.ca/murales/2014-AH.jpg"
86,"Rafael Sotolichio","MU","Parc Bélanger-Chateaubriand","2014","Rosemont–La Petite-Patrie","Projet pilote d'art mural 

Financé dans le cadre de l’Entente sur le développement culturel de Montréal conclue entre la Ville de Montréal et le gouvernement du Québec.",45.538189,-73.610286,"https://depot.ville.montreal.qc.ca/murales/2014-RS.jpg"
87,"A'Shop (Zek One et Dodo Ose)","Prévention du crime Ahuntsic-Cartierville","1014, rue Fleury Est","2015","Ahuntsic-Cartierville","Programme graffitis et murales",45.558021,-73.659044,"https://depot.ville.montreal.qc.ca/murales/_0144731p.jpg"
88,"Artducommun","Maison des Jeunes l'Escalier de Lachine","735, rue Notre-Dame","2015","Lachine","Programme graffitis et murales",45.434765,-73.670308,"https://depot.ville.montreal.qc.ca/murales/_0144707p.jpg"
89,"Artducommun","Maison des Jeunes l'Escalier de Lachine","1005, rue Notre-Dame","2015","Lachine","Programme graffitis et murales",45.434742,-73.672654,"https://depot.ville.montreal.qc.ca/murales/_0144714p.jpg"
90,"Artducommun","Maison des Jeunes l'Escalier de Lachine","1535-1537, rue Notre-Dame","2015","Lachine","Programme graffitis et murales",45.434786,-73.677928,"https://depot.ville.montreal.qc.ca/murales/_0144719p.jpg"
91,"Rafael Sottolichio","MU","1320, rue du Collège","2015","Saint-Laurent","Projet pilote d'art mural 

Financé dans le cadre de l’Entente sur le développement culturel de Montréal conclue entre la Ville de Montréal et le gouvernement du Québec.",45.511176,-73.672515,"https://depot.ville.montreal.qc.ca/murales/_0144722p.jpg"
92,"Jason Cantoro et Annie Hamel","MU","5665, boulevard Saint-Laurent","2015","Le Plateau-Mont-Royal","Projet pilote d'art mural 

Financé dans le cadre de l’Entente sur le développement culturel de Montréal conclue entre la Ville de Montréal et le gouvernement du Québec.",45.526694,-73.600632,"https://depot.ville.montreal.qc.ca/murales/_0144736p.jpg"
93,"Seth Malland","MU","1800, rue Jarry Est, coin Papineau","2015","Villeray–Saint-Michel–Parc-Extension","Projet pilote d'art mural 

Financé dans le cadre de l’Entente sur le développement culturel de Montréal conclue entre la Ville de Montréal et le gouvernement du Québec.",45.5534,-73.618783,"https://depot.ville.montreal.qc.ca/murales/_0143831p.jpg"
94,"Stare (Simon Bachand)","AGC Art Public (Artgang)","2075, boulevard Saint Laurent","2015","Ville-Marie","Projet pilote d'art mural 

Financé dans le cadre de l’Entente sur le développement culturel de Montréal conclue entre la Ville de Montréal et le gouvernement du Québec.",45.51194,-73.567831,"https://depot.ville.montreal.qc.ca/murales/_0143920p.jpg"
95,"Artducommun","AGC Art Public (Artgang)","3689, rue Saint-Hubert","2015","Ville-Marie","Programme graffitis et murales",45.520455,-73.569268,"https://depot.ville.montreal.qc.ca/murales/_0145573p.jpg"
96,"Mateo (Mathieu Bories)","SODER","5850, avenue Papineau, angle Fleurimont","2015","Rosemont–La Petite-Patrie","Projet pilote d'art mural 

Financé dans le cadre de l’Entente sur le développement culturel de Montréal conclue entre la Ville de Montréal et le gouvernement du Québec.",45.540415,-73.590788,"https://depot.ville.montreal.qc.ca/murales/2015_MATEO.jpg"
97,"Pantonio","Santropol Roulant","111, rue Roy Est","2015","Le Plateau-Mont-Royal","Programme graffitis et murales",45.516451,-73.575145,"https://depot.ville.montreal.qc.ca/murales/_0144739p.jpg"
98,"Carlito Dalceggio","MU","6158, rue Laurendeau","2015","Le Sud-Ouest","Programme graffitis et murales",45.457098,-73.588239,"https://depot.ville.montreal.qc.ca/murales/_0143821p.jpg"
99,"Gene Pendon et Bryan Beyung","MU","1110, boulevard St-Laurent","2015","Ville-Marie","Programme graffitis et murales",45.508597,-73.561378,"https://depot.ville.montreal.qc.ca/murales/_0143817p.jpg"
100,"Julian Palma","MU","7060, avenue Bloomfield","2015","Villeray–Saint-Michel–Parc-Extension","Programme graffitis et murales",45.526961,-73.623516,"https://depot.ville.montreal.qc.ca/murales/_0143838p.jpg"
101,"Phillip Adams","MU","1695, rue Saint-Dominique","2015","Ville-Marie","Programme graffitis et murales",45.51181,-73.566284,"https://depot.ville.montreal.qc.ca/murales/_0143906p.jpg"
102,"Laurent Gascon","Société pour Promouvoir les Arts Gigantesques (SPAG)","2915, rue Ontario","2015","Ville-Marie","Programme graffitis et murales",45.537604,-73.549785,"https://depot.ville.montreal.qc.ca/murales/_0143902p.jpg"
103,"Curiot - Cette murale n'est plus visible","MURAL","coin nord-ouest de Sherbrooke et Jeanne-Mance","2015","Ville-Marie","Projet pilote d'art mural 

Financé dans le cadre de l’Entente sur le développement culturel de Montréal conclue entre la Ville de Montréal et le gouvernement du Québec.",45.509159,-73.571184,"https://depot.ville.montreal.qc.ca/murales/2015_CURIOT.jpg"
104,"Shalak & Smoky","SODER","6251, avenue Christophe-Colomb (ruelle)","2015","Rosemont–La Petite-Patrie","Programme graffitis et murales",45.536964,-73.598738,"https://depot.ville.montreal.qc.ca/murales/_0144733p.jpg"
105,"Mr Crocks","SODER","362, rue Beaubien Est","2015","Rosemont–La Petite-Patrie","Programme graffitis et murales",45.533465,-73.605139,"https://depot.ville.montreal.qc.ca/murales/_0143870p.jpg"
106,"Hoarkor","SODER","205, rue de Bellechasse (ruelle)","2015","Rosemont–La Petite-Patrie","Programme graffitis et murales",45.530861,-73.603995,"https://depot.ville.montreal.qc.ca/murales/_0143855p.jpg"
107,"Maxime Fortin (4-TIN)","SODER","5620, 7e Avenue (ruelle)","2015","Rosemont–La Petite-Patrie","Programme graffitis et murales",45.5496285,-73.580264,"https://depot.ville.montreal.qc.ca/murales/SODER2015-MaximeFortin.jpg"
108,"Cyndie Belhumeur","SODER","5629, 7e Avenue (ruelle)","2015","Rosemont–La Petite-Patrie","Programme graffitis et murales",45.5498767,-73.5803157,"https://depot.ville.montreal.qc.ca/murales/SODER2015-CyndieBelhumeur.jpg"
109,"Sophie Wilkins","SODER","4903, boulevard Rosemont (ruelle)","2015","Rosemont–La Petite-Patrie","Programme graffitis et murales",45.5688595,-73.5690687,"https://depot.ville.montreal.qc.ca/murales/SODER2015-SophieWilkins.jpg"
110,"Adeline Benhammouda","SODER","2018-2020-2022, rue Des Carrières (ruelle)","2015","Rosemont–La Petite-Patrie","Programme graffitis et murales",45.5417297,-73.5899617,"https://depot.ville.montreal.qc.ca/murales/SODER2015-AdelineBenhammouda.jpg"
111,"MC Baldassari","SODER","421, rue Bélanger Est (ruelle)","2015","Rosemont–La Petite-Patrie","Programme graffitis et murales",45.5376815,-73.6138458,"https://depot.ville.montreal.qc.ca/murales/SODER2015-MCBaldassari.jpg"
112,"Mateo (Mathieu Bories)","SODER","1109, rue Beaubien Est","2015","Rosemont–La Petite-Patrie","Programme graffitis et murales",45.5381919,-73.6035681,"https://depot.ville.montreal.qc.ca/murales/SODER2015-Mateo.jpg"
113,"Artducommun","Coalition de la Petite-Bourgogne/Quartier en santé","1788, rue Terrasse Coursol","2016","Le Sud-Ouest","Programme d'art mural (volet 2)",45.4907662,-73.5736971,"https://depot.ville.montreal.qc.ca/murales/murale-anglais-3-coalitionpetitebourgogne.jpg"
114,"Artducommun","Coalition de la Petite-Bourgogne/Quartier en santé","735, rue Dominion","2016","Le Sud-Ouest","Programme d'art mural (volet 2)",45.4869151,-73.5784368,"https://depot.ville.montreal.qc.ca/murales/murale-arabe-3-coalitionpetitebourgogne.jpg"
115,"Artducommun","Coalition de la Petite-Bourgogne/Quartier en santé","570, rue Charlevoix","2016","Le Sud-Ouest","Programme d'art mural (volet 2)",45.4832678,-73.5791587,"https://depot.ville.montreal.qc.ca/murales/murale-bengali-1-coalitionpetitebourgogne.jpg"
116,"A'Shop (Bryan Beyung, Ankh One, Monk.E)","École primaire au-Pied-de-la-Montagne","coin des rues Roy et Henri-Julien (cour d'école)","2016","Le Plateau-Mont-Royal","Programme d'art mural (volet 2)",45.5178509,-73.5743038,"https://depot.ville.montreal.qc.ca/murales/Au-Pied-De-La-Montagne.jpg"
117,"A'Shop (Zek One, Monk.E et les élèves)","École secondaire Monseigneur-Richard","3000, boul. Gaétan-Laberge coin Gilberte-Dubé","2016","Verdun","Programme d'art mural (volet 2)",45.469836,-73.5628562,"https://depot.ville.montreal.qc.ca/murales/zek_monke_richard_HD_creditsAShop.jpg"
118,"A'Shop (Fluke, Ankh One)","La Table de quartier Hochelaga-Maisonneuve (LTQHM)","3562, rue Sainte-Catherine Est","2016","Mercier–Hochelaga-Maisonneuve","Programme d'art mural (volet 2)",45.542918,-73.5391202,"https://depot.ville.montreal.qc.ca/murales/Credit_AnkhOne_AShop.jpg"
119,"Atelier Nayan, Nelson Béguin et citoyenNes","La Table de quartier Hochelaga-Maisonneuve (LTQHM)","1635, rue Darling","2016","Mercier–Hochelaga-Maisonneuve","Programme d'art mural (volet 2)",45.5415322,-73.545419,"https://depot.ville.montreal.qc.ca/murales/20160929-Lien-Vert-Hochelaga-078.jpg"
120,"Artducommun","Comité graffiti Lachine","410, rue Saint-Jacques, Lachine","2016","Lachine","Programme d'art mural (volet 2)",45.4432034,-73.6509111,"https://depot.ville.montreal.qc.ca/murales/Artducommun-Lachine2016arche.jpg"
121,"Gene Pendon et Les Hommes de lettres","MU","1755, rue Robin et 1750, rue Montcalm (diptyque)","2016","Ville-Marie","Programme d'art mural (volet 2)",45.51987,-73.5608717,"https://depot.ville.montreal.qc.ca/murales/MU_QUATSOUS_2016_creditsOlivierBousquet2.jpg"
122,"Kevin Ledo","MU","2130-2150, rue Montcalm","2016","Ville-Marie","Programme d'art mural (volet 2)",45.5214565,-73.5637313,"https://depot.ville.montreal.qc.ca/murales/MU_MONTCALM_2016_creditsOlivierBousquet1.jpg"
123,"Phillip Adams","MU","81, boulevard De Maisonneuve Est","2016","Ville-Marie","Programme d'art mural (volet 2)",45.5113195,-73.5657232,"https://depot.ville.montreal.qc.ca/murales/MU_HJM_2016_Phillip_Adams_creditsOlivierBousquet1.jpg"
124,"Melissa del Pinto","MU","2120, rue Crescent (dans la ruelle, à l'arrière)","2016","Ville-Marie","Programme d'art mural (volet 2)",45.498286,-73.5805827,"https://depot.ville.montreal.qc.ca/murales/MU_RUELLEMBAM_2016_del_Pinto_creditsOlivierBousquet.jpg"
125,"A'Shop (Zek One, Fleo, Fonki, Miss Teri, Rouks, Five 8, Shadow, Ankh One, Monk.E, Strike, Flying Eric, Astro)","Prévention Côte-des-Neiges-Notre-Dame-de-Grâce","2161, avenue Melrose (coin de Maisonneuve)","2016","Côte-des-Neiges–Notre-Dame-de-Grâce","Programme d'art mural (volet 2)",45.4683403,-73.6151681,"https://depot.ville.montreal.qc.ca/murales/ankh_shadow_hhyds_HD.jpg"
126,"A'Shop (Dodo Ose) ","Éco-quartier Peter-McGill (SAESEM)","1871, rue Sainte-Catherine Ouest","2016","Ville-Marie","Programme d'art mural (volet 2)",45.4928239,-73.5826153,"https://depot.ville.montreal.qc.ca/murales/ashop_fontainebartholdi_HD.jpg"
127,"A'Shop (Rouks)","Éco-quartier Peter-McGill (SAESEM)","1193, rue Sussex","2016","Ville-Marie","Programme d'art mural (volet 2)",45.48959,-73.5836297,"https://depot.ville.montreal.qc.ca/murales/ashop_sussex_HD.jpg"
128,"A'Shop (Zek One)","Éco-quartier Peter-McGill (SAESEM)","1933, rue Sainte-Catherine Ouest","2016","Ville-Marie","Programme d'art mural (volet 2)",45.4924377,-73.5830799,"https://depot.ville.montreal.qc.ca/murales/ashop_rotisserie_HD.jpg"
129,"A'Shop (123Klan, Ankh One, Dodo Ose, Esprit, Osti one, Fluke, Monk.E, Zek One, Benny Wliding, Dre, Five8, Axe, Snikr, Lorem Ipsum)","SODER","100, Beaubien Ouest (sur la piste cyclable, au coin de la rue Clark)","2016","Rosemont–La Petite-Patrie","Programme d'art mural (volet 2)",45.529215,-73.610607,"https://depot.ville.montreal.qc.ca/murales/scien_klor_cheminvert_HD.jpg"
130,"Laurent Gascon","Société pour Promouvoir les Arts Gigantesques (SPAG)","3845, rue Ontario Est","2016","Mercier–Hochelaga-Maisonneuve","Programme d'art mural (volet 2)",45.547977,-73.543404,"https://depot.ville.montreal.qc.ca/murales/SPAG-Vigneault2016.jpg"
131,"Cyndie Belhumeur","Vrac Environnement","parc Jarry, au Nord du parc à l’angle de la rue Esplanade","2016","Villeray–Saint-Michel–Parc-Extension","Programme d'art mural (volet 2)",45.5343903,-73.6285544,"https://depot.ville.montreal.qc.ca/murales/AtelierCultureVelo_CreditArrondissementVSMPE.jpg"
132,"A'Shop (Astro)","Y’a QuelQu’un l’aut’bord du mur (YQQ)","1611-1615, avenue d’Orléans (dans la ruelle Girard, à l'arrière)","2016","Mercier–Hochelaga-Maisonneuve","Programme d'art mural (volet 2)",45.547797,-73.538655,"https://depot.ville.montreal.qc.ca/murales/YQQ_Ruelle_Girard_1.jpg"
133,"A'Shop (Fonki)","Y’a QuelQu’un l’aut’bord du mur (YQQ)","2215-2217, rue Joliette (dans la ruelle Sansregret, à l'arrière)","2016","Mercier–Hochelaga-Maisonneuve","Programme d'art mural (volet 2)",45.545889,-73.54776,"https://depot.ville.montreal.qc.ca/murales/YQQ_Sansregret_nord_2.jpg"
134,"A'Shop (Dodo Ose)","Y’a QuelQu’un l’aut’bord du mur (YQQ)","3607, rue Ontario Est (dans la ruelle Sansregret, à l'arrière)","2016","Mercier–Hochelaga-Maisonneuve","Programme d'art mural (volet 2)",45.545404,-73.545047,"https://depot.ville.montreal.qc.ca/murales/YQQ_Sansregret_sud_3.jpg"
135,"Cyndie Belhumeur","SODER","Jardin Basile-Patenaude (à l'arrière du 2535 Rue Masson)","2016","Rosemont–La Petite-Patrie","Programme d'art mural (volet 2)",45.544242,-73.578252,"https://depot.ville.montreal.qc.ca/murales/CyndieB-jadinbasilepatenaude.jpg"
136,"Ella & Pitr","SODER","1210, boulevard Rosemont (entrée de la ruelle)","2016","Rosemont–La Petite-Patrie","Programme d'art mural (volet 2)",45.535951,-73.593833,"https://depot.ville.montreal.qc.ca/murales/EllaPitr-soder.jpg"
137,"Mateo (Mathieu Bories)","SODER","6905, rue Garnier (entrée de la ruelle)","2016","Rosemont–La Petite-Patrie","Programme d'art mural (volet 2)",45.5445427,-73.6046034,"https://depot.ville.montreal.qc.ca/murales/Mateo1-soder.jpg"
138,"Paulie Heart ","SODER","5365, avenue Bourbonnière (entrée de la ruelle)","2016","Rosemont–La Petite-Patrie","Programme d'art mural (volet 2)",45.5565426,-73.5705425,"https://depot.ville.montreal.qc.ca/murales/Paulie-ruelleverte18ebourbonniere.jpg"
139,"Stare (Simon Bachand)","AGC Art Public (Artgang)","5700, boulevard Saint-Laurent","2016","Le Plateau-Mont-Royal","Programme d'art mural (volet 1) 

Financé dans le cadre de l’Entente sur le développement culturel de Montréal conclue entre la Ville de Montréal et le gouvernement du Québec.",45.5265945,-73.6031095,"https://depot.ville.montreal.qc.ca/murales/04_AGC-Simon_Bachand.jpg"
140,"Dominique Desbiens et Bruno Rouyère","MU","19, avenue Laurier Ouest","2016","Le Plateau-Mont-Royal","Programme d'art mural (volet 1) 

Financé dans le cadre de l’Entente sur le développement culturel de Montréal conclue entre la Ville de Montréal et le gouvernement du Québec.",45.5225221,-73.5933407,"https://depot.ville.montreal.qc.ca/murales/01_MU-Desbiens_Rouyere_creditsOlivierBousquet2.jpg"
141,"Annie Hamel","MU","6654, rue Saint-Dominique","2016","Rosemont–La Petite-Patrie","Programme d'art mural (volet 1) 

Financé dans le cadre de l’Entente sur le développement culturel de Montréal conclue entre la Ville de Montréal et le gouvernement du Québec.",45.5317435,-73.6119791,"https://depot.ville.montreal.qc.ca/murales/02_MU-Anne_Hamel_creditsOlivierBousquet1.jpg"
142,"EL MAC (Miles MacGregor)","AGC Art Public (Artgang)","6206, rue Saint-Hubert","2016","Rosemont–La Petite-Patrie","Programme d'art mural (volet 1) 

Financé dans le cadre de l’Entente sur le développement culturel de Montréal conclue entre la Ville de Montréal et le gouvernement du Québec.",45.534577,-73.600136,"https://depot.ville.montreal.qc.ca/murales/03_AGC-ElMac_Photo_Veronique_Duplain.jpg"
143,"Artducommun","Coalition de la Petite-Bourgogne/Quartier en santé","1955, rue Saint-Jacques","2017","Le Sud-Ouest","Programme d'art mural (volet 2)",45.488661,-73.573079,"https://depot.ville.montreal.qc.ca/murales/143-Communaute SO.jpg"
144,"Fluke ","KOLAB","1409, rue Clark","2017","Ville-Marie","Programme d'art mural (volet 2)",45.509939,-73.564328,"https://depot.ville.montreal.qc.ca/murales/144-BadNewsBrown-VM.jpg"
145,"Monk.E","École Notre-Dame-du-Perpétuel-Secours","6025, rue Beaulieu","2017","Le Sud-Ouest","Programme d'art mural (volet 2)",45.45814,-73.597433,"https://depot.ville.montreal.qc.ca/murales/145-Ecole-SO.jpg"
146,"Monk.E","Y’a QuelQu’un l’aut’bord du mur (YQQ)","2171, rue Saint-Germain","2017","Mercier–Hochelaga-Maisonneuve","Programme d'art mural (volet 2)",45.542894,-73.549695,"https://depot.ville.montreal.qc.ca/murales/146-Envolee-MHM.jpg"
147,"Dodo Ose","SODER","1871, boulevard Rosemont","2017","Rosemont–La Petite-Patrie","Programme d'art mural (volet 2)",45.54172,-73.591173,"https://depot.ville.montreal.qc.ca/murales/147-Jeunesse-RPP.jpg"
148,"Zek One","La Table de quartier Hochelaga-Maisonneuve (LTQHM)","3450, rue Ontario Est","2017","Mercier–Hochelaga-Maisonneuve","Programme d'art mural (volet 2)",45.543891,-73.544826,"https://depot.ville.montreal.qc.ca/murales/148-LienVert-MHM.jpg"
149,"Artducommun","Maison des Jeunes l'Escalier de Lachine","915, rue Notre-Dame","2017","Lachine","Programme d'art mural (volet 2)",45.434949,-73.671825,"https://depot.ville.montreal.qc.ca/murales/149-MJE-Lachine.jpg"
150,"Olivier Bonnard","Prévention du crime Ahuntsic-Cartierville","5945, boulevard Gouin Ouest","2017","Ahuntsic-Cartierville","Programme d'art mural (volet 2)",45.532001,-73.721448,"https://depot.ville.montreal.qc.ca/murales/150-Prevention AC.jpg"
151,"Fluke","Vivre Saint-Michel en santé","2901, rue Louvain est","2017","Villeray–Saint-Michel–Parc-Extension","Programme d'art mural (volet 2)",45.57106,-73.632401,"https://depot.ville.montreal.qc.ca/murales/151-Revons-VSMPE.jpg"
152,"A'Shop (Ankh One et Benny Wilding)","KOLAB","623, rue Woodland ","2017","Verdun","Programme d'art mural (volet 2)",45.452915,-73.57311,"https://depot.ville.montreal.qc.ca/murales/152-ashop-Verdun.jpg"
153,"Jason Botkin","MU","3918, rue Gertrude","2017","Verdun","Programme d'art mural (volet 2)",45.464896,-73.568865,"https://depot.ville.montreal.qc.ca/murales/153-MU_2017_VERDUN_Jason_Botkin_creditsOlivierBousquet.jpg"
154,"Carlos Oliva","MU","2045, rue Beaudry","2017","Ville-Marie","Programme d'art mural (volet 2)",45.522211,-73.562808,"https://depot.ville.montreal.qc.ca/murales/154-MU_BATISSEURSTHE_A_TRE_2017_ Maquette_DominiqueMichel.jpg"
155,"Mateo (Mathieu Bories)","MU","1806, rue Wolfe","2017","Ville-Marie","Programme d'art mural (volet 2)",45.520101,-73.561137,"https://depot.ville.montreal.qc.ca/murales/155-MU_BATISSEURSTHE_A_TRE_2017_M aquette_Denise Pelletier2.jpg"
156,"Dominique Desbiens et Bruno Rouyère","MU","1793, rue Wolfe","2017","Ville-Marie","Programme d'art mural (volet 2)",45.520246,-73.560966,"https://depot.ville.montreal.qc.ca/murales/156-MU_BATISSEURSTHE_A_TRE_2017_Ma  quette_CleěmenceDesRochers.jpg"
157,"A'Shop (Benny Wilding, Five 8, Earth Crusher)","Éco-quartier Peter-McGill (SAESEM)","1211, rue Saint-Mathieu","2017","Ville-Marie","Programme d'art mural (volet 2)",45.494278,-73.577875,"https://depot.ville.montreal.qc.ca/murales/157-SAESEM-PeterMcGill.jpg"
158,"A'Shop (Earth Crusher)","Éco-quartier Peter-McGill (SAESEM)","1215, rue Saint-Mathieu","2017","Ville-Marie","Programme d'art mural (volet 2)",45.493766,-73.578601,"https://depot.ville.montreal.qc.ca/murales/158-SAESEM-PerterMcGill2.jpg"
159,"Astro","SODER","
5300, boulevard Saint-Michel 
","2017","Rosemont–La Petite-Patrie","Programme d'art mural (volet 2)",45.55056,-73.571534,"https://depot.ville.montreal.qc.ca/murales/159-SODER-ASTRO-RPP.jpg"
160,"Rémi Fléo","SODER","
7173, rue Chambord","2017","Rosemont–La Petite-Patrie","Programme d'art mural (volet 2)",45.544926,-73.609786,"https://depot.ville.montreal.qc.ca/murales/160-SODER-FLEO-RPP.jpg"
161,"Snikr - Style Over Status","SODER","
6316, 26e avenue","2017","Rosemont–La Petite-Patrie","Programme d'art mural (volet 2)",45.564393,-73.57581,"https://depot.ville.montreal.qc.ca/murales/161-SODER-SNIKR-RPP.jpg"
162,"Les Hommes de Lettres","SODER","
3250 rue Masson (mur donnant sur la ruelle)","2017","Rosemont–La Petite-Patrie","Programme d'art mural (volet 2)",45.551312,-73.572946,"https://depot.ville.montreal.qc.ca/murales/162-SODER-LDHL-RPP.jpg"
163,"Monk.E","SODER","
5412, avenure d’Orléans","2017","Rosemont–La Petite-Patrie","Programme d'art mural (volet 2)",45.557442,-73.570299,"https://depot.ville.montreal.qc.ca/murales/163-SODER-MONKE-RPP.jpg"
164,"Olivier Bonnard","SODER","
2022, rue Beaubien Est","2017","Rosemont–La Petite-Patrie","Programme d'art mural (volet 2)",45.545439,-73.594645,"https://depot.ville.montreal.qc.ca/murales/164-SODER-LEBONNARD-RPP.jpg"
165,"SBU","SODER","
5752, avenue d’Orléans","2017","Rosemont–La Petite-Patrie","Programme d'art mural (volet 2)",45.558936,-73.574926,"https://depot.ville.montreal.qc.ca/murales/165-SODER-SBU-RPP.jpg"
166,"NAIMO","SODER","
4018, boulevard Rosemont (à l’angle de  l'avenue Jeanne d'arc)","2017","Rosemont–La Petite-Patrie","Programme d'art mural (volet 2)",45.560232,-73.574243,"https://depot.ville.montreal.qc.ca/murales/166-SODER-NAIMO-RPP.jpg"
167,"Monosourcil","SODER","
2687, rue Holt","2017","Rosemont–La Petite-Patrie","Programme d'art mural (volet 2)",45.548288,-73.581742,"https://depot.ville.montreal.qc.ca/murales/167-SODER-MONOSOURCIL-RPP.jpg"
168,"Axe Lalime","SODER","
5944, rue des Écores (côté ruelle)","2017","Rosemont–La Petite-Patrie","Programme d'art mural (volet 2)",45.545639,-73.588494,"https://depot.ville.montreal.qc.ca/murales/168-SODER-AXE-RPP.jpg"
169,"Josée Dubeau","Josée Dubeau","
5160-5190, boulevard Lasalle","2017","Verdun","Programme d'art mural (volet 3)",45.453602,-73.565344,"https://depot.ville.montreal.qc.ca/murales/Josee_Dubeau_choregraphies_cartograpiques_2017.JPG"
170,"Mono Gonzalez","MU","
205, rue Jarry Est","2017","Villeray–Saint-Michel–Parc-Extension","Programme d'art mural (volet 1) 

Financé dans le cadre de l’Entente sur le développement culturel de Montréal conclue entre la Ville de Montréal et le gouvernement du Québec.",45.541132,-73.630344,"https://depot.ville.montreal.qc.ca/murales/Mono_Gonzalez_Mu_2017.JPG"
171,"Nelio","MU","4030, rue Notre-Dame Ouest","2017","Le Sud-Ouest","Programme d'art mural (volet 1) 

Financé dans le cadre de l’Entente sur le développement culturel de Montréal conclue entre la Ville de Montréal et le gouvernement du Québec.",45.477806,-73.58443,"https://depot.ville.montreal.qc.ca/murales/Nelio_Mu_2017.JPG"
172,"1010","MURAL","
2175, rue Victoria","2017","Ville-Marie","Programme d'art mural (volet 1) 

Financé dans le cadre de l’Entente sur le développement culturel de Montréal conclue entre la Ville de Montréal et le gouvernement du Québec.",45.50679,-73.574046,"https://depot.ville.montreal.qc.ca/murales/1010_MURAL_2017.jpg"
173,"Benny Wilding","AGC Art Public (Artgang)","6542-44, rue Chateaubriand","2017","Rosemont–La Petite-Patrie","Programme d'art mural (volet 1) 

Financé dans le cadre de l’Entente sur le développement culturel de Montréal conclue entre la Ville de Montréal et le gouvernement du Québec.",45.535906,-73.604726,"https://depot.ville.montreal.qc.ca/murales/BennyWilding_Diffusion_AGC_Montreal.JPG"
174,"VHILS","AGC Art Public (Artgang)","
767, rue Bélanger ","2017","Rosemont–La Petite-Patrie","Programme d'art mural (volet 1) 

Financé dans le cadre de l’Entente sur le développement culturel de Montréal conclue entre la Ville de Montréal et le gouvernement du Québec.",45.53945,-73.610337,"https://depot.ville.montreal.qc.ca/murales/VHILS_Diffusion_AGC_Montreal_2017.JPG"
175,"A'Shop (Ankh One)","Y’a QuelQu’un l’aut’bord du mur (YQQ)","Coin des rues Dickson et Notre-Dame","2016","Mercier–Hochelaga-Maisonneuve","Concours lancé par le Service de la culture",45.564812,-73.524068,"https://depot.ville.montreal.qc.ca/murales/AnkhOne_AShop_PhotoDenisLabine.jpg"
176,"EL MAC (Miles MacGregor) et Gene Pendon","MU","1420, rue Crescent","2017","Ville-Marie","",45.497381,-73.576584,"https://depot.ville.montreal.qc.ca/murales/2017_Crescent_ElMac_GenePendon_creditsphoto_OlivierBousquet.jpg"
177,"Francis Montillaud","","Chemin de la Côte-des-Neiges","2017","Côte-des-Neiges–Notre-Dame-de-Grâce","Concours lancé par le Service de la culture",45.495772,-73.60939,"https://depot.ville.montreal.qc.ca/murales/Montillaud_2017.jpg"
178,"LSNR","MURAL","200, rue Rachel Est","2018","Le Plateau-Mont-Royal","Programme d'art mural (volet 1) 

Financé dans le cadre de l’Entente sur le développement culturel de Montréal conclue entre la Ville de Montréal et le gouvernement du Québec.",45.519868,-73.579706,"https://depot.ville.montreal.qc.ca/murales/MURAL_LSNR.jpg"
179,"PONI et Cyrielle Tremblay","MURAL","3469 avenue du Parc","2018","Le Plateau-Mont-Royal","Programme d'art mural (volet 1) 

Financé dans le cadre de l’Entente sur le développement culturel de Montréal conclue entre la Ville de Montréal et le gouvernement du Québec.",45.509259,-73.611258,"https://depot.ville.montreal.qc.ca/murales/MURAL_Poni-et-Cyrielle.jpg"
180,"Olivier Bonnard","Prévention du crime Ahuntsic-Cartierville","9060 rue Saint-Hubert","2018","Ahuntsic-Cartierville","Programme d'art mural (volet 2)",45.551375,-73.642843,"https://depot.ville.montreal.qc.ca/murales/PrevCDN-NDG-Olivier.Bonnard.jpg"
181,"Cheap Art Collective (Melanie Stuy)","Centre communautaire NDG","5770 chemin Upper Lachine","2018","Côte-des-Neiges–Notre-Dame-de-Grâce","Programme d'art mural (volet 2)",45.467811,-73.611258,"https://depot.ville.montreal.qc.ca/murales/CentreCommunautaireNDG-CheapArtCollective(Melanie.Stuy).jpg"
182,"Artgang (Alexis Masella)","Maison des Jeunes l'Escalier de Lachine","270 boulevard Saint-Joseph","2018","Lachine","Programme d'art mural (volet 2)",45.442888,-73.665308,"https://depot.ville.montreal.qc.ca/murales/MaisonJeunesEscalierLachine-ArtgangMontreal-Alexis.Masella.jpg"
183,"Haks 180 (Hans Schmitter)","Convention internationale de la culture urbaine","5440 rue Notre-Dame Ouest","2018","Le Sud-Ouest","Programme d'art mural (volet 2)",45.468279,-73.595873,"https://depot.ville.montreal.qc.ca/murales/ConventionInternationaleCultureUrbaine-Haks180(Hans.Schmitter).jpg"
184,"Case Maclaim","MU","3711 rue Notre-Dame Ouest","2018","Le Sud-Ouest","Programme d'art mural (volet 2)",45.479639,-73.581688,"https://depot.ville.montreal.qc.ca/murales/MU-Case.Maclaim.jpg"
185,"A'Shop (Ankh One)","La Table de quartier Hochelaga-Maisonneuve (LTQHM)","1668 rue Chambly","2018","Le Sud-Ouest","Programme d'art mural (volet 2)",45.544929,-73.541807,"https://depot.ville.montreal.qc.ca/murales/TableQuartierHochelagaMaisonneuve-Ankh.One.jpg"
186,"Bryan Beyung","Y’a QuelQu’un l’aut’bord du mur (YQQ)","1455, rue William-David","2018","Mercier–Hochelaga-Maisonneuve","Programme d'art mural (volet 2)",45.553106,-73.533991,"https://depot.ville.montreal.qc.ca/murales/EcoQuartierMercierHochelagaMaisonneuve-Brian.Beyung(YQQ).jpg"
187,"Dodo Ose","KOLAB","1149 rue Argyle","2018","Verdun","Programme d'art mural (volet 2)",45.453785,-73.579509,"https://depot.ville.montreal.qc.ca/murales/KOLAB-Dodo.Ose.jpg"
188,"Antoine Tavaglione","MU","925 rue Hickson","2018","Verdun","Programme d'art mural (volet 2)",45.465649,-73.574743,"https://depot.ville.montreal.qc.ca/murales/MU-Antoine.Tavaglione.jpg"
189,"Zek One","KOLAB","900 rue Trudeau, sur le chalet de Parc Poirier","2018","Saint-Laurent","Programme d'art mural (volet 2)",45.514322,-73.662487,"https://depot.ville.montreal.qc.ca/murales/KOLAB-Zek.One.jpg"
190,"A'Shop (Dodo Ose)","Festival Montréal en Arts","1321 rue de la visitation","2018","Ville-Marie","Programme d'art mural (volet 2)",45.5194,-73.555186,"https://depot.ville.montreal.qc.ca/murales/FestivalMontrealArts-Dodo.Ose.jpg"
191,"Kevin Ledo","MU","1791 rue St-Jacques Habitations Ilots Saint-Martin","2018","Le Sud-Ouest","Programme d'art mural (volet 2)",45.490288,-73.571546,"https://depot.ville.montreal.qc.ca/murales/MU-Kevin.Ledo.jpg"
192,"Meky Ottawa","MU","2330 avenue Lincoln","2018","Ville-Marie","Programme d'art mural (volet 2)",45.49125,-73.586267,"https://depot.ville.montreal.qc.ca/murales/MU-AssoCommissairesAutochtonesCanada(Camille.Larivee).jpg"
193,"Fluke","Société écocitoyenne de Montréal","1956 rue Frontenac","2018","Ville-Marie","Programme d'art mural (volet 2)",45.532765,-73.552101,"https://depot.ville.montreal.qc.ca/murales/SocieteEcocitoyenneMontreal-Fluke.jpg"
194,"Mateo (Mathieu Bories)","KOLAB","6952 Rue Delorimier (coin rue Bélanger)","2018","Villeray–Saint-Michel–Parc-Extension","Programme d'art mural (volet 2)",45.548942,-73.60148,"https://depot.ville.montreal.qc.ca/murales/KOLAB-Mateo.jpg"
195,"Monk.E","SODER","6017 3e avenue","2018","Rosemont–La Petite-Patrie","Programme d'art mural (volet 2)",45.550421,-73.585491,"https://depot.ville.montreal.qc.ca/murales/SODER-Monk.E.jpg"
196,"Cyndie Belhumeur","SODER","5495 17e avenue","2018","Rosemont–La Petite-Patrie","Programme d'art mural (volet 2)",45.556097,-73.572317,"https://depot.ville.montreal.qc.ca/murales/SODER-Cyndie.Belhumeur.jpg"
197,"Mastrocola","SODER","1985 St-ZotiqueEst ","2018","Rosemont–La Petite-Patrie","Programme d'art mural (volet 2)",45.546596,-73.598909,"https://depot.ville.montreal.qc.ca/murales/SODER-Mastrocola.jpg"
198,"Mr Crocks","SODER","3375 A St-Zotique Est","2018","Rosemont–La Petite-Patrie","Programme d'art mural (volet 2)",45.557642,-73.58927,"https://depot.ville.montreal.qc.ca/murales/SODER-Mr.Crocks.jpg"
199,"Naimo","SODER","5405 9e avenue","2018","Rosemont–La Petite-Patrie","Programme d'art mural (volet 2)",45.550148,-73.574234,"https://depot.ville.montreal.qc.ca/murales/SODER-Naimo.jpg"
200,"Stack","SODER","55 rue de Bellechasse","2018","Rosemont–La Petite-Patrie","Programme d'art mural (volet 2)",45.530037,-73.604996,"https://depot.ville.montreal.qc.ca/murales/SODER-Stack.jpg"
201,"MILLO","MU","168 avenue Mont-Royal Est","2018","Le Plateau-Mont-Royal","Programme d'art mural (volet 1) 

Financé dans le cadre de l’Entente sur le développement culturel de Montréal conclue entre la Ville de Montréal et le gouvernement du Québec.",45.5217722,-73.5847306,"https://depot.ville.montreal.qc.ca/murales/MU-MILLO.jpg"
202,"Jason Cantoro","","3680 rue Jeanne-Mance","2018","Le Plateau-Mont-Royal","Programme d'art mural (volet 3)",45.5116247,-73.5762025,"https://depot.ville.montreal.qc.ca/murales/Jason.Cantoro.jpg"
203,"Mateo (Mathieu Bories)","Éco-quartier Peter-McGill (SAESEM)","1850, boul. de Maisonneuve Ouest","2019","Ville-Marie","Programme d'art mural (volet 2)",45.494022,-73.581123,"https://depot.ville.montreal.qc.ca/murales/203-SAESEM-Mateo-VMA.jpg"
204,"Dodo Ose","Prévention du crime Ahuntsic-Cartierville","2065, boul. Henri-Bourassa","2019","Ahuntsic-Cartierville","Programme d'art mural (volet 2)",45.573572,-73.657352,"https://depot.ville.montreal.qc.ca/murales/204-Tandem-DodoOse-Ahuntsic.png"
205,"Ankh One (artiste et directeur artistique) et Romain Boz (artiste : fresque sur conteneur)","KOLAB","900, boul. Décarie","2019","Saint-Laurent","Programme d'art mural (volet 2)",45.512667,-73.680611,"https://depot.ville.montreal.qc.ca/murales/205-KOLAB-Ankhone-Saint-Laurent.jpg"
206,"Zek One","KOLAB","5940, boul. Monk","2019","Le Sud-Ouest","Programme d'art mural (volet 2)",45.459033,-73.595497,"https://depot.ville.montreal.qc.ca/murales/206-KOLAB-Zek-Sud-Ouest.jpg"
207,"Ankh One et Dodo Ose","KOLAB","4560, boul. LaSalle","2019","Verdun","Programme d'art mural (volet 2)",45.458206,-73.563128,"https://depot.ville.montreal.qc.ca/murales/207-KOLAB-Ankhone-DodoOse-Verdun.jpg"
208,"Kevin Ledo ","La Table de quartier Hochelaga-Maisonneuve (LTQHM)","1735, rue Dézéry","2019","Mercier–Hochelaga-Maisonneuve","Programme d'art mural (volet 2)",45.540584,-73.545189,"https://depot.ville.montreal.qc.ca/murales/208-LTQHM-KevinLedo-MHM.jpg"
209,"Maliciouz","Prévention Côte-des-Neiges-Notre-Dame-de-Grâce","Parc Nelson Mandela,4920 Rue Vézina","2019","Côte-des-Neiges–Notre-Dame-de-Grâce","Programme d'art mural (volet 2)",45.494511,-73.643961,"https://depot.ville.montreal.qc.ca/murales/209-Prevention-Maliciouz1-CDN.jpg"
210,"Maliciouz","Prévention Côte-des-Neiges-Notre-Dame-de-Grâce","Parc Nelson Mandela,4920 Rue Vézina","2019","Côte-des-Neiges–Notre-Dame-de-Grâce","Programme d'art mural (volet 2)",45.494511,-73.643961,"https://depot.ville.montreal.qc.ca/murales/210-Prevention-Maliciouz2-CDN.jpg"
211,"Artducommun","Maison des Jeunes l'Escalier de Lachine","380, rue Provost","2019","Lachine","Programme d'art mural (volet 2)",45.442296,-73.667337,"https://depot.ville.montreal.qc.ca/murales/211-MJE-Artducommun-Lachine.jpg"
212,"Monk.E en collaboration avec Marie-Céline Charron","Société écocitoyenne de Montréal","2275, rue Bercy","2019","Ville-Marie","Programme d'art mural (volet 2)",45.536503,-73.555521,"https://depot.ville.montreal.qc.ca/murales/212-SEM-MonkE-VMA.jpg"
213,"Romain Boz","L'Itinéraire","1900, rue Sainte-Catherine Est (coin Dorion)","2019","Ville-Marie","Programme d'art mural (volet 2)",45.523717,-73.551249,"https://depot.ville.montreal.qc.ca/murales/213-MU-RomainBoz-VMA.jpg"
214,"Melissa Del Pinto","MU","3501, rue Jeanne-Mance (coin Milton)","2019","Le Plateau-Mont-Royal","Programme d'art mural (volet 2)",45.510645,-73.573013,"https://depot.ville.montreal.qc.ca/murales/214-MU-MelissaDelPinto-PMR.jpg"
215,"Doras (Marc O'Brien)","MU","740, avenue Atwater","2019","Le Sud-Ouest","Programme d'art mural (volet 2)",45.484673,-73.580204,"https://depot.ville.montreal.qc.ca/murales/215-MU-Doras-SO.jpg"
216,"Alex Snipes","AGC Art Public (Artgang)","10155, Boul.Saint-Michel","2019","Montréal-Nord","Programme d'art mural (volet 2)",45.579485,-73.64242,"https://depot.ville.montreal.qc.ca/murales/216-AGC-Alex Snipes-MN.jpg"
217,"Olivier Gaudette","AGC Art Public (Artgang)","4660 rue de Charleroi","2019","Montréal-Nord","Programme d'art mural (volet 2)",45.595539,-73.63259,"https://depot.ville.montreal.qc.ca/murales/217-AGC-OlivierGaudette-MN.jpg"
218,"Astro","AGC Art Public (Artgang)","5250, rue de Charleroi","2019","Montréal-Nord","Programme d'art mural (volet 2)",45.600704,-73.623567,"https://depot.ville.montreal.qc.ca/murales/218-AGC-Astro-MN.jpg"
219,"Cécile Gariépy","MU","5820, boulevard Décarie","2019","Côte-des-Neiges–Notre-Dame-de-Grâce","Programme d'art mural (volet 1) 

Financé dans le cadre de l’Entente sur le développement culturel de Montréal conclue entre la Ville de Montréal et le gouvernement du Québec.",45.488057,-73.623568,"https://depot.ville.montreal.qc.ca/murales/219-MU_Cecile_Gariepy_2019.jpg"
220,"Stare (Simon Bachand)","AGC Art Public (Artgang)","2524 et 2531, rue Ontario est","2019","Ville-Marie","Programme d'art mural (volet 1) 

Financé dans le cadre de l’Entente sur le développement culturel de Montréal conclue entre la Ville de Montréal et le gouvernement du Québec.",45.532516,-73.552933,"https://depot.ville.montreal.qc.ca/murales/220-AGC_Stare_2019.jpg"
221,"Gleo","MURAL","3614, rue Saint-urbain","2019","Le Plateau-Mont-Royal","Programme d'art mural (volet 1) 

Financé dans le cadre de l’Entente sur le développement culturel de Montréal conclue entre la Ville de Montréal et le gouvernement du Québec.",45.512746,-73.574033,"https://depot.ville.montreal.qc.ca/murales/221-MURAL_Gleo_2019.jpg"
222,"Alexis Vaillancourt","MU","6470, Pierre-De Coubertin","2020","Mercier–Hochelaga-Maisonneuve","Programme d'art mural (volet 2)",45.578632,-73.536028,"https://depot.ville.montreal.qc.ca/murales/2020-v2-MU-AlexisVaillancourt.JPG"
223,"Borrris","MU","1759 rue Beaudry","2020","Ville-Marie","Programme d'art mural (volet 2)",45.52062,-73.559845,"https://depot.ville.montreal.qc.ca/murales/2020-v2-MU-Borrris.JPG"
224,"Bryan Beyung","MU","7635, rue Centrale","2020","LaSalle","Programme d'art mural (volet 2)",45.431542,-73.59798,"https://depot.ville.montreal.qc.ca/murales/2020-v2-MU-BryanBeyung.JPG"
225,"Sophie Wilkins","AGC Art Public (Artgang)","11813 Boul. Sainte-Gertrude","2020","Montréal-Nord","Programme d'art mural (volet 2)",45.605179,-73.634063,"https://depot.ville.montreal.qc.ca/murales/2020-v2-AGC-SophieWilkins.JPG"
226,"Monk.E","Prévention du crime Ahuntsic-Cartierville","500 Boulevard Henri-Bourassa Ouest","2020","Ahuntsic-Cartierville","Programme d'art mural (volet 2)",45.54382,-73.67471,"https://depot.ville.montreal.qc.ca/murales/2020-v2-PreventionAC-MonkE-500Henri-Bourassa.JPG"
227,"Julian Palma - Sergio Gutiérrez","Artistes en arts visuels du Nord de Montréal (AAVNM)","12165 Boulevard Rolland","2020","Montréal-Nord","Programme d'art mural (volet 2)",45.617426,-73.621328,"https://depot.ville.montreal.qc.ca/murales/2020-v2-AAVMN-JulianPalma-SergioGutierrez.JPG"
228,"Monk.E","Prévention du crime Ahuntsic-Cartierville","147 Boulevard Henri-Bourassa Est","2020","Ahuntsic-Cartierville","Programme d'art mural (volet 2)",45.552042,-73.670116,"https://depot.ville.montreal.qc.ca/murales/2020-v2-PreventionAC-MonkE-Henri-Bourassa.JPG"
229,"Zek One","Prévention Côte-des-Neiges-Notre-Dame-de-Grâce","6262 avenue Fielding","2020","Côte-des-Neiges–Notre-Dame-de-Grâce","Programme d'art mural (volet 2)",45.472379,-73.639493,"https://depot.ville.montreal.qc.ca/murales/2020-v2-PreventionCDN-ZekOne.jpg"
230,"Borrris","Y’a QuelQu’un l’aut’bord du mur (YQQ)","5955, rue de Marseille","2020","Mercier–Hochelaga-Maisonneuve","Programme d'art mural (volet 2)",45.574706,-73.542258,"https://depot.ville.montreal.qc.ca/murales/2020-v2-YQQ-Borrris.JPG"
231,"Bryan Beyung","KOLAB","1745 rue Tassé","2020","Saint-Laurent","Programme d'art mural (volet 2)",45.51488,-73.692207,"https://depot.ville.montreal.qc.ca/murales/2020-v2-KOLAB-BryanBeyung.jpg"
232,"Maliciouz","Corporation de développement communautaire de Côte-des-Neiges","6262 Chemin Hudson","2020","Côte-des-Neiges–Notre-Dame-de-Grâce","Programme d'art mural (volet 2)",45.505707,-73.629566,"https://depot.ville.montreal.qc.ca/murales/2020-v2-CorporationCDN-Maliciouz.jpg"
233,"Ruben Carrasco","IPAF Festival","2633 rue Ontario Est","2020","Ville-Marie","Programme d'art mural (volet 2)",45.534219,-73.553258,"https://depot.ville.montreal.qc.ca/murales/2020-v2-IPAF-RubenCarrasco.jpg"
234,"Jean-Sébastien Denis en collaboration avec MU","Les Amis de la place Marcelle-Ferron","999 avenue McEachran","2020","Outremont","Programme d'art mural (volet 1) 

Financé dans le cadre de l’Entente sur le développement culturel de Montréal conclue entre la Ville de Montréal et le gouvernement du Québec.",45.520329,-73.619466,"https://depot.ville.montreal.qc.ca/murales/2020-v1-APMF-MU-JSDenis.jpg"
